{
  "experiment": "exp_03_mnist_kdm_sweep",
  "condition": "final-seed52_seed52",
  "final_mode": "cartesian",
  "seed": 52,
  "hyperparameters": {
    "epochs": 60,
    "batch_size": 256,
    "n_comp_head": 100,
    "n_comp_final": 190,
    "lr_kdm": 0.003,
    "sigma_mult": 1.0
  },
  "dataset_global_sha256": "4d640365ca4b505d14ae79a83dcdc799d546a121a676e0a26a01c42fb2b9e07d",
  "repo_commits": {
    "npc-models": "4a46c28f7cbfcc4fd89c5460de74c573fd14002c",
    "npc-dataset-utils": "9e06745b0fe7af9669f753d8da18ffea9ae4fa9a"
  },
  "environment": {
    "python": "3.12.13",
    "torch": "2.2.2+cu121",
    "gpu": "Tesla P100-PCIE-16GB"
  },
  "wallclock_seconds": {
    "pip_install": 162.0,
    "data_setup": 16.9,
    "split": 8.1,
    "init_components": 28.4,
    "train_total": 3963.8,
    "train_per_epoch_mean": 66.1,
    "eval": 6.9
  },
  "n_parameters": {
    "total": 21412074,
    "kdm_final": 22800
  },
  "loss_history": [
    3.2535,
    1.1765,
    0.7058,
    0.388,
    0.2327,
    0.1478,
    0.1032,
    0.0739,
    0.0599,
    0.047,
    0.0423,
    0.042,
    0.0373,
    0.0237,
    0.017,
    0.0127,
    0.0247,
    0.0151,
    0.0185,
    0.025,
    0.0146,
    0.0117,
    0.013,
    0.0076,
    0.0158,
    0.0101,
    0.0069,
    0.0054,
    0.0045,
    0.004,
    0.0035,
    0.0033,
    0.0029,
    0.0026,
    0.0025,
    0.0024,
    0.0023,
    0.0022,
    0.0021,
    0.002,
    0.0019,
    0.0019,
    0.0019,
    0.0019,
    0.0018,
    0.0017,
    0.0015,
    0.0013,
    0.0013,
    0.0012,
    0.0012,
    0.0011,
    0.0012,
    0.0011,
    0.0011,
    0.001,
    0.001,
    0.001,
    0.0012,
    0.0009
  ],
  "metrics": {
    "classification_accuracy": 0.994,
    "attribute_joint_accuracy": 0.9937142857142857,
    "mean_tv_distance": 0.0036802576684526033
  }
}