{
  "experiment": "exp_03_mnist_kdm_sweep",
  "condition": "search-nch200_seed42",
  "final_mode": "cartesian",
  "seed": 42,
  "hyperparameters": {
    "epochs": 15,
    "batch_size": 256,
    "n_comp_head": 200,
    "n_comp_final": 190,
    "lr_kdm": 0.001,
    "sigma_mult": 1.0
  },
  "dataset_global_sha256": "4d640365ca4b505d14ae79a83dcdc799d546a121a676e0a26a01c42fb2b9e07d",
  "repo_commits": {
    "npc-models": "4a46c28f7cbfcc4fd89c5460de74c573fd14002c",
    "npc-dataset-utils": "9e06745b0fe7af9669f753d8da18ffea9ae4fa9a"
  },
  "environment": {
    "python": "3.12.13",
    "torch": "2.2.2+cu121",
    "gpu": "Tesla P100-PCIE-16GB"
  },
  "wallclock_seconds": {
    "pip_install": 300.5,
    "data_setup": 8.4,
    "split": 9.2,
    "init_components": 37.3,
    "train_total": 991.2,
    "train_per_epoch_mean": 66.1,
    "eval": 9.1
  },
  "n_parameters": {
    "total": 21516674,
    "kdm_final": 22800
  },
  "loss_history": [
    3.2211,
    1.3474,
    0.917,
    0.6116,
    0.4286,
    0.3189,
    0.2326,
    0.1823,
    0.1405,
    0.1235,
    0.1088,
    0.0829,
    0.0769,
    0.0801,
    0.0662
  ],
  "metrics": {
    "classification_accuracy": 0.9914285714285714,
    "attribute_joint_accuracy": 0.9917142857142857,
    "mean_tv_distance": 0.04184005260467529
  }
}