{
  "experiment": "exp_03_mnist_kdm_sweep",
  "condition": "final-seed72_seed72",
  "final_mode": "cartesian",
  "seed": 72,
  "hyperparameters": {
    "epochs": 60,
    "batch_size": 256,
    "n_comp_head": 100,
    "n_comp_final": 190,
    "lr_kdm": 0.003,
    "sigma_mult": 1.0
  },
  "dataset_global_sha256": "4d640365ca4b505d14ae79a83dcdc799d546a121a676e0a26a01c42fb2b9e07d",
  "repo_commits": {
    "npc-models": "4a46c28f7cbfcc4fd89c5460de74c573fd14002c",
    "npc-dataset-utils": "9e06745b0fe7af9669f753d8da18ffea9ae4fa9a"
  },
  "environment": {
    "python": "3.12.13",
    "torch": "2.2.2+cu121",
    "gpu": "Tesla P100-PCIE-16GB"
  },
  "wallclock_seconds": {
    "pip_install": 154.6,
    "data_setup": 14.0,
    "split": 8.3,
    "init_components": 27.7,
    "train_total": 3950.2,
    "train_per_epoch_mean": 65.8,
    "eval": 9.2
  },
  "n_parameters": {
    "total": 21412074,
    "kdm_final": 22800
  },
  "loss_history": [
    3.173,
    1.1195,
    0.6401,
    0.3396,
    0.2062,
    0.1342,
    0.0939,
    0.0738,
    0.0556,
    0.0423,
    0.0387,
    0.0346,
    0.0302,
    0.0658,
    0.0272,
    0.0198,
    0.0157,
    0.0149,
    0.0111,
    0.0135,
    0.0116,
    0.0138,
    0.0083,
    0.0118,
    0.0086,
    0.0057,
    0.0048,
    0.0042,
    0.0039,
    0.0036,
    0.0033,
    0.0032,
    0.003,
    0.0029,
    0.0027,
    0.004,
    0.0068,
    0.0255,
    0.0173,
    0.0141,
    0.0112,
    0.0128,
    0.0145,
    0.0143,
    0.0078,
    0.0073,
    0.0056,
    0.0031,
    0.0026,
    0.002,
    0.0017,
    0.0016,
    0.0015,
    0.0013,
    0.0013,
    0.0012,
    0.0012,
    0.0011,
    0.0011,
    0.0011
  ],
  "metrics": {
    "classification_accuracy": 0.994,
    "attribute_joint_accuracy": 0.9937142857142857,
    "mean_tv_distance": 0.0038928612561098166
  }
}