{
  "experiment": "exp_03_mnist_kdm_sweep",
  "condition": "search-nch150_seed42",
  "final_mode": "cartesian",
  "seed": 42,
  "hyperparameters": {
    "epochs": 15,
    "batch_size": 256,
    "n_comp_head": 150,
    "n_comp_final": 190,
    "lr_kdm": 0.001,
    "sigma_mult": 1.0
  },
  "dataset_global_sha256": "4d640365ca4b505d14ae79a83dcdc799d546a121a676e0a26a01c42fb2b9e07d",
  "repo_commits": {
    "npc-models": "4a46c28f7cbfcc4fd89c5460de74c573fd14002c",
    "npc-dataset-utils": "9e06745b0fe7af9669f753d8da18ffea9ae4fa9a"
  },
  "environment": {
    "python": "3.12.13",
    "torch": "2.2.2+cu121",
    "gpu": "Tesla P100-PCIE-16GB"
  },
  "wallclock_seconds": {
    "pip_install": 172.0,
    "data_setup": 8.3,
    "split": 7.7,
    "init_components": 31.9,
    "train_total": 989.2,
    "train_per_epoch_mean": 65.9,
    "eval": 7.6
  },
  "n_parameters": {
    "total": 21464374,
    "kdm_final": 22800
  },
  "loss_history": [
    3.3037,
    1.4589,
    0.9779,
    0.6858,
    0.4833,
    0.3514,
    0.2812,
    0.2168,
    0.1683,
    0.1392,
    0.1148,
    0.0932,
    0.0917,
    0.0682,
    0.0528
  ],
  "metrics": {
    "classification_accuracy": 0.9897142857142858,
    "attribute_joint_accuracy": 0.9894285714285714,
    "mean_tv_distance": 0.046662358488355364
  }
}