{
  "experiment": "exp_03_mnist_kdm_sweep",
  "condition": "search-sig05_seed42",
  "final_mode": "cartesian",
  "seed": 42,
  "hyperparameters": {
    "epochs": 15,
    "batch_size": 256,
    "n_comp_head": 100,
    "n_comp_final": 190,
    "lr_kdm": 0.001,
    "sigma_mult": 0.5
  },
  "dataset_global_sha256": "4d640365ca4b505d14ae79a83dcdc799d546a121a676e0a26a01c42fb2b9e07d",
  "repo_commits": {
    "npc-models": "4a46c28f7cbfcc4fd89c5460de74c573fd14002c",
    "npc-dataset-utils": "9e06745b0fe7af9669f753d8da18ffea9ae4fa9a"
  },
  "environment": {
    "python": "3.12.13",
    "torch": "2.2.2+cu121",
    "gpu": "Tesla P100-PCIE-16GB"
  },
  "wallclock_seconds": {
    "pip_install": 150.9,
    "data_setup": 12.0,
    "split": 7.8,
    "init_components": 24.0,
    "train_total": 990.4,
    "train_per_epoch_mean": 66.0,
    "eval": 7.8
  },
  "n_parameters": {
    "total": 21412074,
    "kdm_final": 22800
  },
  "loss_history": [
    1.3282,
    0.1956,
    0.0908,
    0.058,
    0.037,
    0.0261,
    0.0155,
    0.0134,
    0.0112,
    0.0084,
    0.0081,
    0.0076,
    0.0075,
    0.0108,
    0.0132
  ],
  "metrics": {
    "classification_accuracy": 0.9911428571428571,
    "attribute_joint_accuracy": 0.9914285714285714,
    "mean_tv_distance": 0.009814286231994629
  }
}