{
  "experiment": "exp_03_mnist_kdm_sweep",
  "condition": "search-lr3e4_seed42",
  "final_mode": "cartesian",
  "seed": 42,
  "hyperparameters": {
    "epochs": 15,
    "batch_size": 256,
    "n_comp_head": 100,
    "n_comp_final": 190,
    "lr_kdm": 0.0003,
    "sigma_mult": 1.0
  },
  "dataset_global_sha256": "4d640365ca4b505d14ae79a83dcdc799d546a121a676e0a26a01c42fb2b9e07d",
  "repo_commits": {
    "npc-models": "4a46c28f7cbfcc4fd89c5460de74c573fd14002c",
    "npc-dataset-utils": "9e06745b0fe7af9669f753d8da18ffea9ae4fa9a"
  },
  "environment": {
    "python": "3.12.13",
    "torch": "2.2.2+cu121",
    "gpu": "Tesla P100-PCIE-16GB"
  },
  "wallclock_seconds": {
    "pip_install": 158.7,
    "data_setup": 9.2,
    "split": 7.9,
    "init_components": 30.1,
    "train_total": 987.4,
    "train_per_epoch_mean": 65.8,
    "eval": 7.2
  },
  "n_parameters": {
    "total": 21412074,
    "kdm_final": 22800
  },
  "loss_history": [
    3.9276,
    2.0987,
    1.3401,
    1.085,
    0.8735,
    0.6987,
    0.5865,
    0.4795,
    0.4208,
    0.366,
    0.3204,
    0.2777,
    0.2431,
    0.2208,
    0.2
  ],
  "metrics": {
    "classification_accuracy": 0.9894285714285714,
    "attribute_joint_accuracy": 0.99,
    "mean_tv_distance": 0.15626841953822546
  }
}