{
  "experiment": "exp_03_mnist_kdm_sweep",
  "condition": "search-baseline_seed42",
  "final_mode": "cartesian",
  "seed": 42,
  "hyperparameters": {
    "epochs": 15,
    "batch_size": 256,
    "n_comp_head": 100,
    "n_comp_final": 190,
    "lr_kdm": 0.001,
    "sigma_mult": 1.0
  },
  "dataset_global_sha256": "4d640365ca4b505d14ae79a83dcdc799d546a121a676e0a26a01c42fb2b9e07d",
  "repo_commits": {
    "npc-models": "4a46c28f7cbfcc4fd89c5460de74c573fd14002c",
    "npc-dataset-utils": "9e06745b0fe7af9669f753d8da18ffea9ae4fa9a"
  },
  "environment": {
    "python": "3.12.13",
    "torch": "2.2.2+cu121",
    "gpu": "Tesla P100-PCIE-16GB"
  },
  "wallclock_seconds": {
    "pip_install": 189.6,
    "data_setup": 9.4,
    "split": 8.0,
    "init_components": 35.5,
    "train_total": 989.4,
    "train_per_epoch_mean": 66.0,
    "eval": 9.6
  },
  "n_parameters": {
    "total": 21412074,
    "kdm_final": 22800
  },
  "loss_history": [
    3.5016,
    1.581,
    1.0828,
    0.7802,
    0.5712,
    0.4317,
    0.326,
    0.2472,
    0.2022,
    0.1615,
    0.1249,
    0.1074,
    0.0869,
    0.0916,
    0.0769
  ],
  "metrics": {
    "classification_accuracy": 0.9908571428571429,
    "attribute_joint_accuracy": 0.9905714285714285,
    "mean_tv_distance": 0.056106689180646624
  }
}