{
  "experiment": "exp_03_mnist_kdm_sweep",
  "condition": "final-seed42_seed42",
  "final_mode": "cartesian",
  "seed": 42,
  "hyperparameters": {
    "epochs": 60,
    "batch_size": 256,
    "n_comp_head": 100,
    "n_comp_final": 190,
    "lr_kdm": 0.003,
    "sigma_mult": 1.0
  },
  "dataset_global_sha256": "4d640365ca4b505d14ae79a83dcdc799d546a121a676e0a26a01c42fb2b9e07d",
  "repo_commits": {
    "npc-models": "4a46c28f7cbfcc4fd89c5460de74c573fd14002c",
    "npc-dataset-utils": "9e06745b0fe7af9669f753d8da18ffea9ae4fa9a"
  },
  "environment": {
    "python": "3.12.13",
    "torch": "2.2.2+cu121",
    "gpu": "Tesla P100-PCIE-16GB"
  },
  "wallclock_seconds": {
    "pip_install": 178.6,
    "data_setup": 13.9,
    "split": 8.1,
    "init_components": 33.0,
    "train_total": 3961.3,
    "train_per_epoch_mean": 66.0,
    "eval": 8.6
  },
  "n_parameters": {
    "total": 21412074,
    "kdm_final": 22800
  },
  "loss_history": [
    3.1515,
    1.1149,
    0.6544,
    0.3485,
    0.2053,
    0.145,
    0.0986,
    0.0795,
    0.0541,
    0.0401,
    0.0382,
    0.0328,
    0.0342,
    0.0268,
    0.0245,
    0.0233,
    0.0133,
    0.0108,
    0.018,
    0.0105,
    0.0152,
    0.0206,
    0.0128,
    0.0101,
    0.0093,
    0.0102,
    0.0078,
    0.006,
    0.0043,
    0.0057,
    0.0044,
    0.0038,
    0.0035,
    0.0033,
    0.0033,
    0.0032,
    0.003,
    0.0028,
    0.0027,
    0.0027,
    0.0025,
    0.0025,
    0.0026,
    0.0025,
    0.0102,
    0.0168,
    0.0203,
    0.0114,
    0.0119,
    0.016,
    0.0076,
    0.0057,
    0.0028,
    0.0018,
    0.0034,
    0.0018,
    0.0015,
    0.0014,
    0.0013,
    0.0012
  ],
  "metrics": {
    "classification_accuracy": 0.9917142857142857,
    "attribute_joint_accuracy": 0.9922857142857143,
    "mean_tv_distance": 0.00422392096423677
  }
}