{
  "experiment": "exp_03_mnist_kdm_sweep",
  "condition": "final-seed62_seed62",
  "final_mode": "cartesian",
  "seed": 62,
  "hyperparameters": {
    "epochs": 60,
    "batch_size": 256,
    "n_comp_head": 100,
    "n_comp_final": 190,
    "lr_kdm": 0.003,
    "sigma_mult": 1.0
  },
  "dataset_global_sha256": "4d640365ca4b505d14ae79a83dcdc799d546a121a676e0a26a01c42fb2b9e07d",
  "repo_commits": {
    "npc-models": "4a46c28f7cbfcc4fd89c5460de74c573fd14002c",
    "npc-dataset-utils": "9e06745b0fe7af9669f753d8da18ffea9ae4fa9a"
  },
  "environment": {
    "python": "3.12.13",
    "torch": "2.2.2+cu121",
    "gpu": "Tesla P100-PCIE-16GB"
  },
  "wallclock_seconds": {
    "pip_install": 179.1,
    "data_setup": 9.5,
    "split": 9.2,
    "init_components": 27.9,
    "train_total": 3965.3,
    "train_per_epoch_mean": 66.1,
    "eval": 9.0
  },
  "n_parameters": {
    "total": 21412074,
    "kdm_final": 22800
  },
  "loss_history": [
    2.9928,
    1.0803,
    0.6574,
    0.3696,
    0.2278,
    0.1547,
    0.1053,
    0.0751,
    0.0632,
    0.0406,
    0.0321,
    0.0299,
    0.0253,
    0.0223,
    0.0169,
    0.023,
    0.0242,
    0.0188,
    0.0134,
    0.0164,
    0.0215,
    0.0196,
    0.0094,
    0.009,
    0.007,
    0.0053,
    0.0045,
    0.0038,
    0.0036,
    0.0031,
    0.0028,
    0.0026,
    0.0028,
    0.003,
    0.0021,
    0.0024,
    0.002,
    0.0017,
    0.0018,
    0.0016,
    0.0015,
    0.0013,
    0.0011,
    0.001,
    0.0009,
    0.0009,
    0.0009,
    0.0012,
    0.0012,
    0.0009,
    0.0008,
    0.0008,
    0.0007,
    0.0007,
    0.0007,
    0.0006,
    0.0006,
    0.0006,
    0.0006,
    0.0006
  ],
  "metrics": {
    "classification_accuracy": 0.9925714285714285,
    "attribute_joint_accuracy": 0.9928571428571429,
    "mean_tv_distance": 0.0039003029093146323
  }
}