{
  "experiment": "exp_03_mnist_kdm_sweep",
  "condition": "final-seed82_seed82",
  "final_mode": "cartesian",
  "seed": 82,
  "hyperparameters": {
    "epochs": 60,
    "batch_size": 256,
    "n_comp_head": 100,
    "n_comp_final": 190,
    "lr_kdm": 0.003,
    "sigma_mult": 1.0
  },
  "dataset_global_sha256": "4d640365ca4b505d14ae79a83dcdc799d546a121a676e0a26a01c42fb2b9e07d",
  "repo_commits": {
    "npc-models": "4a46c28f7cbfcc4fd89c5460de74c573fd14002c",
    "npc-dataset-utils": "9e06745b0fe7af9669f753d8da18ffea9ae4fa9a"
  },
  "environment": {
    "python": "3.12.13",
    "torch": "2.2.2+cu121",
    "gpu": "Tesla P100-PCIE-16GB"
  },
  "wallclock_seconds": {
    "pip_install": 152.2,
    "data_setup": 12.8,
    "split": 7.7,
    "init_components": 27.0,
    "train_total": 3947.1,
    "train_per_epoch_mean": 65.8,
    "eval": 8.6
  },
  "n_parameters": {
    "total": 21412074,
    "kdm_final": 22800
  },
  "loss_history": [
    3.1663,
    1.1692,
    0.6633,
    0.3506,
    0.1981,
    0.12,
    0.0949,
    0.0676,
    0.0582,
    0.0474,
    0.0503,
    0.0509,
    0.0279,
    0.0259,
    0.0239,
    0.0264,
    0.0144,
    0.012,
    0.0276,
    0.0174,
    0.0114,
    0.0091,
    0.0072,
    0.0062,
    0.0078,
    0.0057,
    0.0132,
    0.0057,
    0.0051,
    0.0064,
    0.0192,
    0.0116,
    0.0142,
    0.0123,
    0.007,
    0.0096,
    0.0057,
    0.0043,
    0.0029,
    0.0037,
    0.0048,
    0.0055,
    0.0043,
    0.0034,
    0.0022,
    0.0022,
    0.0039,
    0.0069,
    0.0119,
    0.0082,
    0.0073,
    0.0057,
    0.0058,
    0.005,
    0.0034,
    0.0016,
    0.0013,
    0.0011,
    0.0008,
    0.0008
  ],
  "metrics": {
    "classification_accuracy": 0.9934285714285714,
    "attribute_joint_accuracy": 0.9931428571428571,
    "mean_tv_distance": 0.003912499802985362
  }
}