{
  "experiment": "exp_03_mnist_kdm_sweep",
  "condition": "search-ncf285_seed42",
  "final_mode": "cartesian",
  "seed": 42,
  "hyperparameters": {
    "epochs": 15,
    "batch_size": 256,
    "n_comp_head": 100,
    "n_comp_final": 285,
    "lr_kdm": 0.001,
    "sigma_mult": 1.0
  },
  "dataset_global_sha256": "4d640365ca4b505d14ae79a83dcdc799d546a121a676e0a26a01c42fb2b9e07d",
  "repo_commits": {
    "npc-models": "4a46c28f7cbfcc4fd89c5460de74c573fd14002c",
    "npc-dataset-utils": "9e06745b0fe7af9669f753d8da18ffea9ae4fa9a"
  },
  "environment": {
    "python": "3.12.13",
    "torch": "2.2.2+cu121",
    "gpu": "Tesla P100-PCIE-16GB"
  },
  "wallclock_seconds": {
    "pip_install": 152.8,
    "data_setup": 12.0,
    "split": 7.8,
    "init_components": 33.4,
    "train_total": 990.5,
    "train_per_epoch_mean": 66.0,
    "eval": 7.4
  },
  "n_parameters": {
    "total": 21423474,
    "kdm_final": 34200
  },
  "loss_history": [
    3.3862,
    1.4868,
    1.0404,
    0.7167,
    0.5068,
    0.3799,
    0.285,
    0.2257,
    0.1832,
    0.1416,
    0.1114,
    0.0985,
    0.0866,
    0.0781,
    0.0622
  ],
  "metrics": {
    "classification_accuracy": 0.9917142857142857,
    "attribute_joint_accuracy": 0.9917142857142857,
    "mean_tv_distance": 0.048770128113882885
  }
}