{
  "experiment": "exp_03_mnist_kdm_sweep",
  "condition": "search-ncf380_seed42",
  "final_mode": "cartesian",
  "seed": 42,
  "hyperparameters": {
    "epochs": 15,
    "batch_size": 256,
    "n_comp_head": 100,
    "n_comp_final": 380,
    "lr_kdm": 0.001,
    "sigma_mult": 1.0
  },
  "dataset_global_sha256": "4d640365ca4b505d14ae79a83dcdc799d546a121a676e0a26a01c42fb2b9e07d",
  "repo_commits": {
    "npc-models": "4a46c28f7cbfcc4fd89c5460de74c573fd14002c",
    "npc-dataset-utils": "9e06745b0fe7af9669f753d8da18ffea9ae4fa9a"
  },
  "environment": {
    "python": "3.12.13",
    "torch": "2.2.2+cu121",
    "gpu": "Tesla P100-PCIE-16GB"
  },
  "wallclock_seconds": {
    "pip_install": 159.1,
    "data_setup": 12.9,
    "split": 7.9,
    "init_components": 33.3,
    "train_total": 990.6,
    "train_per_epoch_mean": 66.0,
    "eval": 6.3
  },
  "n_parameters": {
    "total": 21434874,
    "kdm_final": 45600
  },
  "loss_history": [
    3.193,
    1.3699,
    0.9474,
    0.6558,
    0.4772,
    0.3604,
    0.2749,
    0.216,
    0.1743,
    0.14,
    0.1137,
    0.0922,
    0.0827,
    0.0743,
    0.0687
  ],
  "metrics": {
    "classification_accuracy": 0.9922857142857143,
    "attribute_joint_accuracy": 0.9911428571428571,
    "mean_tv_distance": 0.04954598672049386
  }
}