{
  "experiment": "exp_03_mnist_kdm_sweep",
  "condition": "search-confirm_seed42",
  "final_mode": "cartesian",
  "seed": 42,
  "hyperparameters": {
    "epochs": 15,
    "batch_size": 256,
    "n_comp_head": 200,
    "n_comp_final": 380,
    "lr_kdm": 0.003,
    "sigma_mult": 0.5
  },
  "dataset_global_sha256": "4d640365ca4b505d14ae79a83dcdc799d546a121a676e0a26a01c42fb2b9e07d",
  "repo_commits": {
    "npc-models": "4a46c28f7cbfcc4fd89c5460de74c573fd14002c",
    "npc-dataset-utils": "9e06745b0fe7af9669f753d8da18ffea9ae4fa9a"
  },
  "environment": {
    "python": "3.12.13",
    "torch": "2.2.2+cu121",
    "gpu": "Tesla P100-PCIE-16GB"
  },
  "wallclock_seconds": {
    "pip_install": 153.7,
    "data_setup": 13.8,
    "split": 7.7,
    "init_components": 24.5,
    "train_total": 991.7,
    "train_per_epoch_mean": 66.1,
    "eval": 7.4
  },
  "n_parameters": {
    "total": 21539474,
    "kdm_final": 45600
  },
  "loss_history": [
    1.1494,
    0.1406,
    0.062,
    0.0346,
    0.0219,
    0.0168,
    0.0134,
    0.0109,
    0.0157,
    0.0103,
    0.007,
    0.0043,
    0.0079,
    0.0105,
    0.0088
  ],
  "metrics": {
    "classification_accuracy": 0.9911428571428571,
    "attribute_joint_accuracy": 0.9914285714285714,
    "mean_tv_distance": 0.006780507377215795
  }
}