{
  "experiment": "exp_03_mnist_kdm_sweep",
  "condition": "search-lr3e3_seed42",
  "final_mode": "cartesian",
  "seed": 42,
  "hyperparameters": {
    "epochs": 15,
    "batch_size": 256,
    "n_comp_head": 100,
    "n_comp_final": 190,
    "lr_kdm": 0.003,
    "sigma_mult": 1.0
  },
  "dataset_global_sha256": "4d640365ca4b505d14ae79a83dcdc799d546a121a676e0a26a01c42fb2b9e07d",
  "repo_commits": {
    "npc-models": "4a46c28f7cbfcc4fd89c5460de74c573fd14002c",
    "npc-dataset-utils": "9e06745b0fe7af9669f753d8da18ffea9ae4fa9a"
  },
  "environment": {
    "python": "3.12.13",
    "torch": "2.2.2+cu121",
    "gpu": "Tesla P100-PCIE-16GB"
  },
  "wallclock_seconds": {
    "pip_install": 175.0,
    "data_setup": 9.4,
    "split": 7.9,
    "init_components": 27.1,
    "train_total": 987.0,
    "train_per_epoch_mean": 65.8,
    "eval": 7.3
  },
  "n_parameters": {
    "total": 21412074,
    "kdm_final": 22800
  },
  "loss_history": [
    3.1646,
    1.1012,
    0.6036,
    0.3292,
    0.1807,
    0.1271,
    0.0829,
    0.0683,
    0.0587,
    0.0406,
    0.0428,
    0.0375,
    0.032,
    0.0235,
    0.0235
  ],
  "metrics": {
    "classification_accuracy": 0.9931428571428571,
    "attribute_joint_accuracy": 0.9934285714285714,
    "mean_tv_distance": 0.013569909947259085
  }
}